{"cameraMode":{"drawMode":0,"name":"Shaded","section":"Shading Mode"},"sceneLighting":false,"audioPlay":false,"sceneViewState":{"showFog":true,"showMaterialUpdate":false,"showSkybox":false,"showFlares":true,"showImageEffects":true,"showParticleSystems":true},"in2DMode":false,"pivot":{"x":0.06181168556213379,"y":1.235534429550171,"z":0.040116846561431888},"rotation":{"x":0.09914229065179825,"y":-0.00895902793854475,"z":0.0008955960511229932,"w":0.995035707950592},"size":5.730964660644531,"orthographic":false}