{"cameraMode":{"drawMode":0,"name":"Shaded","section":"Shading Mode"},"sceneLighting":false,"audioPlay":false,"sceneViewState":{"showFog":false,"showMaterialUpdate":false,"showSkybox":false,"showFlares":false,"showImageEffects":false,"showParticleSystems":false},"in2DMode":false,"pivot":{"x":-5.127799987792969,"y":3.723262310028076,"z":-1.083633303642273},"rotation":{"x":0.08711446076631546,"y":-0.8793005347251892,"z":0.17638176679611207,"w":0.4338730275630951},"size":19.028316497802736,"orthographic":false}