{"cameraMode":{"drawMode":0,"name":"Shaded","section":"Shading Mode"},"sceneLighting":false,"audioPlay":false,"sceneViewState":{"showFog":true,"showMaterialUpdate":false,"showSkybox":true,"showFlares":true,"showImageEffects":true,"showParticleSystems":true},"in2DMode":false,"pivot":{"x":-14.50060749053955,"y":33.17685317993164,"z":34.512184143066409},"rotation":{"x":-0.45059552788734438,"y":0.5476479530334473,"z":-0.4678565561771393,"w":-0.5278195738792419},"size":60.459293365478519,"orthographic":false}