{"cameraMode":{"drawMode":0,"name":"Shaded","section":"Shading Mode"},"sceneLighting":false,"audioPlay":false,"sceneViewState":{"showFog":true,"showMaterialUpdate":false,"showSkybox":false,"showFlares":true,"showImageEffects":true,"showParticleSystems":true},"in2DMode":false,"pivot":{"x":-1.1920928955078126e-7,"y":0.8905433416366577,"z":-0.05767753720283508},"rotation":{"x":0.000789940997492522,"y":0.9863576889038086,"z":-0.16455629467964173,"w":0.004735642112791538},"size":4.765047550201416,"orthographic":false}