{"cameraMode":{"drawMode":0,"name":"Shaded","section":"Shading Mode"},"sceneLighting":true,"audioPlay":false,"sceneViewState":{"showFog":false,"showMaterialUpdate":false,"showSkybox":false,"showFlares":false,"showImageEffects":false,"showParticleSystems":false},"in2DMode":false,"pivot":{"x":-119.06455993652344,"y":-5.127228736877441,"z":16.11966896057129},"rotation":{"x":-0.14492039382457734,"y":0.39445433020591738,"z":-0.048437394201755527,"w":-0.9069785475730896},"size":5.190352439880371,"orthographic":false}