{"cameraMode":{"drawMode":0,"name":"Shaded","section":"Shading Mode"},"sceneLighting":false,"audioPlay":false,"sceneViewState":{"showFog":true,"showMaterialUpdate":false,"showSkybox":false,"showFlares":true,"showImageEffects":true,"showParticleSystems":true},"in2DMode":false,"pivot":{"x":-2.6821517944335939,"y":1.0044355392456055,"z":-2.2845563888549806},"rotation":{"x":0.09914229065179825,"y":-0.00895902793854475,"z":0.0008955960511229932,"w":0.995035707950592},"size":10.643698692321778,"orthographic":false}