{"cameraMode":{"drawMode":0,"name":"Shaded","section":"Shading Mode"},"sceneLighting":false,"audioPlay":false,"sceneViewState":{"showFog":true,"showMaterialUpdate":false,"showSkybox":true,"showFlares":true,"showImageEffects":true,"showParticleSystems":true},"in2DMode":false,"pivot":{"x":12.537210464477539,"y":76.30023956298828,"z":62.14160919189453},"rotation":{"x":0.16048657894134522,"y":-0.841772735118866,"z":0.3808598816394806,"w":0.34938231110572817},"size":17.23818588256836,"orthographic":false}