{"cameraMode":{"drawMode":0,"name":"Shaded","section":"Shading Mode"},"sceneLighting":false,"audioPlay":false,"sceneViewState":{"showFog":true,"showMaterialUpdate":false,"showSkybox":false,"showFlares":true,"showImageEffects":true,"showParticleSystems":true},"in2DMode":false,"pivot":{"x":-2.384185791015625e-7,"y":0.8643996119499207,"z":-0.05603411793708801},"rotation":{"x":-0.0002622317406348884,"y":-0.998085618019104,"z":0.06176949664950371,"w":-0.004199325572699308},"size":4.728282451629639,"orthographic":false}