{"cameraMode":{"drawMode":0,"name":"Shaded","section":"Shading Mode"},"sceneLighting":false,"audioPlay":false,"sceneViewState":{"showFog":true,"showMaterialUpdate":false,"showSkybox":true,"showFlares":true,"showImageEffects":true,"showParticleSystems":true},"in2DMode":false,"pivot":{"x":44.89448928833008,"y":29.833520889282228,"z":20.849130630493165},"rotation":{"x":0.06451205164194107,"y":-0.9268551468849182,"z":0.3194369673728943,"w":0.19240380823612214},"size":22.0,"orthographic":false}