{"cameraMode":{"drawMode":0,"name":"Shaded","section":"Shading Mode"},"sceneLighting":false,"audioPlay":false,"sceneViewState":{"showFog":false,"showMaterialUpdate":false,"showSkybox":false,"showFlares":false,"showImageEffects":false,"showParticleSystems":false},"in2DMode":false,"pivot":{"x":-1.3980439901351929,"y":0.11580419540405274,"z":0.1839609146118164},"rotation":{"x":0.24764277040958405,"y":0.04518217593431473,"z":-0.015191413462162018,"w":0.9684582352638245},"size":10.67878532409668,"orthographic":false}