{"cameraMode":{"drawMode":0,"name":"Shaded","section":"Shading Mode"},"sceneLighting":true,"audioPlay":false,"sceneViewState":{"showFog":true,"showMaterialUpdate":false,"showSkybox":true,"showFlares":true,"showImageEffects":true,"showParticleSystems":true},"in2DMode":false,"pivot":{"x":-2.457226514816284,"y":5.648133754730225,"z":-21.694278717041017},"rotation":{"x":-0.06755109131336212,"y":0.9158626198768616,"z":-0.17405922710895539,"w":-0.35543909668922427},"size":4.1926045417785648,"orthographic":false}