{"cameraMode":{"drawMode":0,"name":"Shaded","section":"Shading Mode"},"sceneLighting":false,"audioPlay":false,"sceneViewState":{"showFog":false,"showMaterialUpdate":false,"showSkybox":false,"showFlares":false,"showImageEffects":false,"showParticleSystems":false},"in2DMode":false,"pivot":{"x":-29.28394317626953,"y":9.115659713745118,"z":23.664676666259767},"rotation":{"x":0.19755849242210389,"y":0.29661351442337038,"z":-0.062013864517211917,"w":0.9326506853103638},"size":38.071006774902347,"orthographic":false}