{"cameraMode":{"drawMode":0,"name":"Shaded","section":"Shading Mode"},"sceneLighting":false,"audioPlay":false,"sceneViewState":{"showFog":true,"showMaterialUpdate":false,"showSkybox":false,"showFlares":true,"showImageEffects":true,"showParticleSystems":true},"in2DMode":false,"pivot":{"x":-1.8650283813476563,"y":-1.4427330493927003,"z":-5.832755088806152},"rotation":{"x":-0.025730399414896966,"y":-0.9373856782913208,"z":0.3405757248401642,"w":-0.0850774273276329},"size":19.642833709716798,"orthographic":false}