{"cameraMode":{"drawMode":0,"name":"Shaded","section":"Shading Mode"},"sceneLighting":false,"audioPlay":false,"sceneViewState":{"showFog":false,"showMaterialUpdate":false,"showSkybox":false,"showFlares":false,"showImageEffects":false,"showParticleSystems":false},"in2DMode":false,"pivot":{"x":2.8386826515197756,"y":23.735336303710939,"z":13.056434631347657},"rotation":{"x":0.24242953956127168,"y":0.305620014667511,"z":-0.07982827723026276,"w":0.9176846146583557},"size":38.071006774902347,"orthographic":false}