{"cameraMode":{"drawMode":0,"name":"Shaded","section":"Shading Mode"},"sceneLighting":false,"audioPlay":false,"sceneViewState":{"showFog":true,"showMaterialUpdate":false,"showSkybox":false,"showFlares":true,"showImageEffects":true,"showParticleSystems":true},"in2DMode":false,"pivot":{"x":0.0,"y":0.8579422235488892,"z":-0.057366639375686648},"rotation":{"x":-0.0002622317406348884,"y":-0.998085618019104,"z":0.06176949664950371,"w":-0.004199325572699308},"size":4.682794094085693,"orthographic":false}