{"cameraMode":{"drawMode":0,"name":"Shaded","section":"Shading Mode"},"sceneLighting":false,"audioPlay":false,"sceneViewState":{"showFog":false,"showMaterialUpdate":false,"showSkybox":false,"showFlares":false,"showImageEffects":false,"showParticleSystems":false},"in2DMode":false,"pivot":{"x":-110.735595703125,"y":13.453789710998536,"z":35.808319091796878},"rotation":{"x":-0.11900490522384644,"y":0.8298191428184509,"z":-0.19390982389450074,"w":-0.5097185969352722},"size":20.34329605102539,"orthographic":false}