{"cameraMode":{"drawMode":0,"name":"Shaded","section":"Shading Mode"},"sceneLighting":false,"audioPlay":false,"sceneViewState":{"showFog":true,"showMaterialUpdate":false,"showSkybox":false,"showFlares":true,"showImageEffects":true,"showParticleSystems":true},"in2DMode":false,"pivot":{"x":-0.3109205961227417,"y":0.8806678652763367,"z":-1.8283367156982422},"rotation":{"x":-0.0002622317406348884,"y":-0.998085618019104,"z":0.06176949664950371,"w":-0.004199325572699308},"size":4.708539962768555,"orthographic":false}