{"cameraMode":{"drawMode":0,"name":"Shaded","section":"Shading Mode"},"sceneLighting":false,"audioPlay":false,"sceneViewState":{"showFog":true,"showMaterialUpdate":false,"showSkybox":true,"showFlares":true,"showImageEffects":true,"showParticleSystems":true},"in2DMode":false,"pivot":{"x":-12.5003080368042,"y":-11.572843551635743,"z":5.000226020812988},"rotation":{"x":0.4358042776584625,"y":-0.04122320935130119,"z":0.021274439990520479,"w":0.8994750380516052},"size":34.01922607421875,"orthographic":false}